{"Fleurs/ch1.png": [[0.4263230291748641, 0.3666726178208192, 0.20700436080792686], [0.5016508921015238, 0.3883249882537415, 0.11002410849692151]], "Fleurs/ch2.png": [[0.41621924830471374, 0.3648985052219136, 0.21888225496341873], [0.5111526160278623, 0.39404103796776624, 0.09480633763390083]], "Fleurs/ch3.png": [[0.4057927177033614, 0.3713924864810863, 0.22281480398194514], [0.5074927236733795, 0.40166253502350735, 0.09084473406855594]], "Fleurs/ch4.png": [[0.4245699362905842, 0.3614315458901955, 0.21399852631348296], [0.5064597806339014, 0.38379651362462375, 0.10974369480249976]], "Fleurs/ch5.png": [[0.4310622941394985, 0.3674592222571479, 0.20147849121629394], [0.5108459141474717, 0.3883854966305862, 0.10076857946398436]], "Fleurs/ch6.png": [[0.40655730456392797, 0.3689607907215372, 0.2244819129911917], [0.5125769240999476, 0.38920190595642434, 0.09822116072377599]], "Fleurs/ch7.png": [[0.4168259758307912, 0.37246862630462146, 0.21070540719529524], [0.5330690709094159, 0.393488421505262, 0.07344250368680091]], "Fleurs/ch8.png": [[0.4244003391810901, 0.3662493944532467, 0.20935027405179066], [0.5148348105196738, 0.3836524762920501, 0.10151270218293737]], "Fleurs/ch9.png": [[0.42443509937464696, 0.36178207824795816, 0.21378283016110525], [0.5025280718196311, 0.3819304267797644, 0.11554149303027053]], "Fleurs/ch10.png": [[0.4146567731402363, 0.36911223472784327, 0.21623099978932941], [0.5116013909588555, 0.399245659039995, 0.08915294064435694]], "Fleurs/oe1.png": [[0.43343353174191435, 0.32835608287435036, 0.23821039309860004], [0.5681112100726958, 0.32101881300918567, 0.11086997122370588]], "Fleurs/oe2.png": [[0.4438930225615304, 0.30270258198805017, 0.25324219957854993], [0.5634546414074115, 0.31264532451874516, 0.1239000284031245]], "Fleurs/oe3.png": [[0.41298972296456976, 0.33954783052520904, 0.24746245722764415], [0.5159851540651235, 0.34125127369398894, 0.1427635681729419]], "Fleurs/oe4.png": [[0.4031752216408873, 0.342644583268151, 0.25418020557284626], [0.49823906200627116, 0.34356540431403326, 0.15819552954521923]], "Fleurs/oe5.png": [[0.4260141495246761, 0.3302421174796472, 0.24374374131338658], [0.5332165557646441, 0.33863367144525985, 0.12814976595859479]], "Fleurs/oe6.png": [[0.4331808635460386, 0.32122401905158565, 0.2455951290015583], [0.5130837743371928, 0.34287798125100977, 0.14403824031018855]], "Fleurs/oe7.png": [[0.4199039465931618, 0.3123160779146457, 0.2677799880386373], [0.4840471328675657, 0.320235965329369, 0.19571690111665505]], "Fleurs/oe8.png": [[0.41268381067970455, 0.3243120465382147, 0.26300415503334784], [0.48959129329164286, 0.3408016659803669, 0.1696070386990945]], "Fleurs/oe9.png": [[0.4136976713893918, 0.3321864452533828, 0.2541158948440684], [0.5009472382795509, 0.3261872276185707, 0.1728655314830432]], "Fleurs/oe10.png": [[0.4070509362992815, 0.32754329874983357, 0.2654057775322028], [0.48461065376983176, 0.34103914238769406, 0.17435020231005294]], "Fleurs/pe1.png": [[0.4122631380193539, 0.33445233174648636, 0.2532845416090053], [0.4980623835465748, 0.3218794719955971, 0.1800581429517337]], "Fleurs/pe2.png": [[0.4593616562175143, 0.3032671803981255, 0.2373711740400579], [0.6082638205923316, 0.19164581451409343, 0.20009035819079207]], "Fleurs/pe3.png": [[0.4009574195279218, 0.3472879920526291, 0.25175460042815023], [0.5320792099064782, 0.28723228258757305, 0.18068850792143878]], "Fleurs/pe4.png": [[0.3807829469882557, 0.34101355991323345, 0.27820350571430974], [0.4701712832926841, 0.2990944112121371, 0.23073430744354553]], "Fleurs/pe5.png": [[0.39859000356855157, 0.34883957429479817, 0.25257043406354573], [0.5346857143834108, 0.28486958204961677, 0.18044470300062695]], "Fleurs/pe6.png": [[0.3742556775794106, 0.3492555527315792, 0.2764887833211731], [0.45629960661866514, 0.3046670896600801, 0.23903331074532264]], "Fleurs/pe7.png": [[0.4430138468636315, 0.3293407834538593, 0.2276453790164957], [0.5507916688180094, 0.2912677678160197, 0.1579405580913154]], "Fleurs/pe8.png": [[0.39356362280501295, 0.33850453440231726, 0.26793185384815005], [0.45972524409054333, 0.3284875844782586, 0.21178717160856247]], "Fleurs/pe9.png": [[0.3778795105272408, 0.34793132389720527, 0.27418917879300525], [0.4347627376991332, 0.33258525903657865, 0.23265200443032022]], "Fleurs/pe10.png": [[0.41559173801869786, 0.3277731636895946, 0.2566351103903795], [0.5401618829191142, 0.2825921258509768, 0.17724599016872866]]}