{"Fleurs/ch1.png": [0.4347037900961832, 0.3690815981493178, 0.19621461744962843], "Fleurs/ch2.png": [0.4267812611832419, 0.36814081942140836, 0.20507792600954333], "Fleurs/ch3.png": [0.41710756725061704, 0.3747602448384122, 0.20813219436389832], "Fleurs/ch4.png": [0.4336807643515577, 0.3639198077406312, 0.20239943423998769], "Fleurs/ch5.png": [0.4399387897514237, 0.36978741923080244, 0.19027379669807817], "Fleurs/ch6.png": [0.41835274186666516, 0.3712127588641834, 0.21043450559919713], "Fleurs/ch7.png": [0.4297588475565777, 0.37480722813596734, 0.1954339321663169], "Fleurs/ch8.png": [0.43446181781446735, 0.3681856111799467, 0.19735257661215477], "Fleurs/ch9.png": [0.43312349841145203, 0.3640237254345893, 0.2028527821404167], "Fleurs/ch10.png": [0.42544255190761665, 0.372464792667084, 0.20209266118975736], "Fleurs/oe1.png": [0.4484173820686855, 0.32753975937643015, 0.22404286477787155], "Fleurs/oe2.png": [0.4571951036771037, 0.3038087828653154, 0.23885196240003131], "Fleurs/oe3.png": [0.42444869777821, 0.33973735070255034, 0.23581396059168516], "Fleurs/oe4.png": [0.4137517505295459, 0.3427470311637507, 0.2435012271624138], "Fleurs/oe5.png": [0.43794118026709916, 0.33117573758795454, 0.23088308877719863], "Fleurs/oe6.png": [0.4420706311066838, 0.32363317647543743, 0.2342962022702364], "Fleurs/oe7.png": [0.42704033262631935, 0.3131972217619255, 0.2597624566859507], "Fleurs/oe8.png": [0.4212403155344712, 0.32614663407141953, 0.2526130610566066], "Fleurs/oe9.png": [0.42340480673328157, 0.3315189895901142, 0.2450762135940901], "Fleurs/oe10.png": [0.4156800069245639, 0.3290448074156314, 0.25527519667086856], "Fleurs/pe1.png": [0.42180891478847965, 0.3330535116077541, 0.2451375835455156], "Fleurs/pe2.png": [0.4759280818641212, 0.29084850894190817, 0.23322341791841378], "Fleurs/pe3.png": [0.4155456520098111, 0.3406063669084661, 0.24384799180059671], "Fleurs/pe4.png": [0.3907280356528745, 0.33634975624697044, 0.27292221952912615], "Fleurs/pe5.png": [0.4137316201024868, 0.3417224573301569, 0.2445459331042898], "Fleurs/pe6.png": [0.38338364865955543, 0.34429476884188986, 0.27232159539552003], "Fleurs/pe7.png": [0.4550048966999924, 0.325104889466995, 0.21989022154168372], "Fleurs/pe8.png": [0.40092457410003035, 0.3373900774243449, 0.2616853583208372], "Fleurs/pe9.png": [0.3842081744351079, 0.3462239649508193, 0.2695678724907179], "Fleurs/pe10.png": [0.42945105330766226, 0.32274645163921833, 0.24780250568766407]}