{"Fleurs/ch1.png": [0.4347037900961832, 0.3690815981493178, 0.19621461744962843], "Fleurs/ch2.png": [0.39345195371565705, 0.34221282996680913, 0.18789839873277142], "Fleurs/ch3.png": [0.38828667306763065, 0.3478367001009999, 0.1944390634532995], "Fleurs/ch4.png": [0.40859775269549903, 0.3441651623636251, 0.19206397623702662], "Fleurs/ch5.png": [0.42337183170845477, 0.35739298956708015, 0.1859434456730252], "Fleurs/ch6.png": [0.3804396974901272, 0.3366754682660117, 0.1904198994547636], "Fleurs/ch7.png": [0.36470336574562795, 0.31943442175156944, 0.17474868727271597], "Fleurs/ch8.png": [0.43421363955726866, 0.3680036294035125, 0.1973065265638023], "Fleurs/ch9.png": [0.4325853381188518, 0.3636210396434576, 0.20266989406880773], "Fleurs/ch10.png": [0.39601408615522726, 0.3451032666262126, 0.18715919015947444], "Fleurs/oe1.png": [0.3983248667023, 0.2833006810701011, 0.1953191601130794], "Fleurs/oe2.png": [0.39472801154241294, 0.2683744075711226, 0.2039146754268513], "Fleurs/oe3.png": [0.4213486649933989, 0.33755848873403654, 0.23367280145463648], "Fleurs/oe4.png": [0.40002228513281574, 0.33256022425217396, 0.23416096924277344], "Fleurs/oe5.png": [0.40205131513592957, 0.30664339536126334, 0.20959421857971425], "Fleurs/oe6.png": [0.43848427978017834, 0.32103901660414574, 0.23282964296967784], "Fleurs/oe7.png": [0.42617902725358536, 0.3126758341721739, 0.2594475883493313], "Fleurs/oe8.png": [0.4171073665238519, 0.3235617513332786, 0.2507505054487596], "Fleurs/oe9.png": [0.4205403481650115, 0.32872467424602664, 0.2430041647200551], "Fleurs/oe10.png": [0.4111188862525161, 0.3257920349433911, 0.2530066952503461], "Fleurs/pe1.png": [0.411913484045501, 0.32725860991740097, 0.23942944603792002], "Fleurs/pe2.png": [0.3524807038793772, 0.23612649613795436, 0.18891721044518095], "Fleurs/pe3.png": [0.4045726697649995, 0.3323374066369704, 0.23856788644066199], "Fleurs/pe4.png": [0.3759282565939209, 0.32655003283131245, 0.26335884113036595], "Fleurs/pe5.png": [0.40215045644297465, 0.33274794121645634, 0.23897985527720456], "Fleurs/pe6.png": [0.36878968868791157, 0.3334296724322001, 0.26429586661187254], "Fleurs/pe7.png": [0.4336815887418981, 0.30959900740836105, 0.20890311539655346], "Fleurs/pe8.png": [0.3780958358689622, 0.32055030040596966, 0.2448447106953576], "Fleurs/pe9.png": [0.37135492896908423, 0.33750598223089906, 0.2628079465582488], "Fleurs/pe10.png": [0.420196215230504, 0.3172470555869904, 0.2434120706279361]}